def_team,position,fp_ppr_pg,fp_half_pg,fp_std_pg,team_games,rank_ppr,rank_half,rank_std,derived_from_seasons
KC,QB,8.95,8.95,8.95,3,1,1,1,2026
TEN,QB,10.53,10.53,10.53,3,2,2,2,2026
JAX,QB,11.09,11.09,11.09,3,3,3,3,2026
SEA,QB,12.25,12.25,12.25,3,4,4,4,2026
PIT,QB,12.31,12.31,12.31,4,5,5,5,2026
NE,QB,12.45,12.45,12.45,3,6,6,6,2026
MIN,QB,13.18,13.18,13.18,3,7,7,7,2026
SF,QB,14.53,14.53,14.53,3,8,8,8,2026
TB,QB,14.77,14.77,14.77,3,9,9,9,2026
GB,QB,14.82,14.82,14.82,3,10,10,10,2026
LA,QB,14.86,14.86,14.86,3,11,11,11,2026
NYJ,QB,14.95,14.95,14.95,3,12,12,12,2026
BAL,QB,16.12,16.12,16.12,3,13,13,13,2026
LV,QB,16.13,16.13,16.13,3,14,14,14,2026
DEN,QB,16.24,16.24,16.24,3,15,15,15,2026
CHI,QB,16.93,16.93,16.93,3,16,16,16,2026
NYG,QB,16.94,16.94,16.94,3,17,17,17,2026
CIN,QB,17.11,17.11,17.11,3,18,18,18,2026
NO,QB,17.82,17.82,17.82,3,19,19,20,2026
CLE,QB,17.9,17.9,17.9,4,20,21,21,2026
LAC,QB,18.05,17.89,17.72,3,21,20,19,2026
ATL,QB,18.23,18.23,18.23,3,22,22,22,2026
CAR,QB,18.31,18.31,18.31,3,23,23,23,2026
MIA,QB,19.34,19.34,19.34,3,24,24,24,2026
BUF,QB,19.66,19.66,19.66,3,25,25,25,2026
HOU,QB,19.91,19.91,19.91,3,26,26,26,2026
PHI,QB,20.72,20.72,20.72,3,27,27,27,2026
IND,QB,21.87,21.87,21.87,3,28,28,28,2026
ARI,QB,21.98,21.98,21.98,3,29,29,29,2026
DAL,QB,23.51,23.51,23.51,3,30,30,30,2026
WAS,QB,27.38,27.38,27.38,3,31,31,31,2026
DET,QB,29.35,29.35,29.35,3,32,32,32,2026
HOU,RB,11.83,10.33,8.83,3,1,2,3,2026
WAS,RB,12.27,10.27,8.27,3,2,1,2,2026
MIN,RB,12.7,10.87,9.03,3,3,4,4,2026
ATL,RB,12.8,10.47,8.13,3,4,3,1,2026
SEA,RB,16.23,13.9,11.57,3,5,5,7,2026
ARI,RB,16.4,15.4,14.4,3,6,11,13,2026
CLE,RB,16.68,14.55,12.42,4,7,8,9,2026
JAX,RB,16.77,14.27,11.77,3,8,6,8,2026
PHI,RB,16.77,15.43,14.1,3,8,12,12,2026
LV,RB,17.13,15.13,13.13,3,10,10,11,2026
LA,RB,17.4,14.4,11.4,3,11,7,5,2026
TB,RB,17.83,14.67,11.5,3,12,9,6,2026
CIN,RB,18.87,15.87,12.87,3,13,13,10,2026
KC,RB,19.03,17.2,15.37,3,14,14,16,2026
CHI,RB,19.67,18.17,16.67,3,15,17,18,2026
DET,RB,19.7,17.2,14.7,3,16,14,14,2026
BAL,RB,19.87,17.53,15.2,3,17,16,15,2026
LAC,RB,20.47,18.47,16.47,3,18,18,17,2026
TEN,RB,20.67,19.0,17.33,3,19,20,21,2026
NE,RB,20.83,18.83,16.83,3,20,19,19,2026
NYG,RB,21.87,19.87,17.87,3,21,22,22,2026
SF,RB,22.67,19.83,17.0,3,22,21,20,2026
NYJ,RB,23.43,21.1,18.77,3,23,23,23,2026
PIT,RB,24.58,21.95,19.33,4,24,24,24,2026
DAL,RB,25.0,23.0,21.0,3,25,25,25,2026
NO,RB,27.2,24.87,22.53,3,26,26,27,2026
BUF,RB,27.5,25.0,22.5,3,27,27,26,2026
IND,RB,28.1,25.93,23.77,3,28,28,29,2026
DEN,RB,28.67,26.0,23.33,3,29,29,28,2026
MIA,RB,29.27,27.1,24.93,3,30,30,30,2026
CAR,RB,30.53,28.2,25.87,3,31,31,31,2026
GB,RB,30.67,29.17,27.67,3,32,32,32,2026
NE,TE,6.2,4.53,2.87,3,1,1,1,2026
PHI,TE,6.63,4.8,2.97,3,2,2,2,2026
NYJ,TE,7.37,5.37,3.37,3,3,3,3,2026
TEN,TE,7.37,5.53,3.7,3,3,4,4,2026
LA,TE,7.73,6.07,4.4,3,5,5,6,2026
JAX,TE,7.83,6.5,5.17,3,6,7,8,2026
CHI,TE,8.27,6.27,4.27,3,7,6,5,2026
MIN,TE,9.43,7.77,6.1,3,8,9,10,2026
PIT,TE,9.93,8.3,6.68,4,9,11,13,2026
BUF,TE,10.53,8.2,5.87,3,10,10,9,2026
SF,TE,11.07,7.73,4.4,3,11,8,6,2026
SEA,TE,11.33,9.0,6.67,3,12,12,12,2026
GB,TE,11.53,9.37,7.2,3,13,13,16,2026
BAL,TE,12.27,10.1,7.93,3,14,16,17,2026
LAC,TE,12.4,9.73,7.07,3,15,15,14,2026
NYG,TE,12.6,9.6,6.6,3,16,14,11,2026
HOU,TE,13.17,10.17,7.17,3,17,17,15,2026
CAR,TE,14.03,12.03,10.03,3,18,20,21,2026
KC,TE,14.07,11.23,8.4,3,19,18,18,2026
DEN,TE,14.97,11.8,8.63,3,20,19,19,2026
TB,TE,15.77,12.93,10.1,3,21,21,22,2026
MIA,TE,16.0,13.5,11.0,3,22,22,25,2026
CLE,TE,16.8,13.68,10.55,4,23,23,23,2026
ATL,TE,17.2,14.2,11.2,3,24,26,26,2026
DAL,TE,17.27,14.43,11.6,3,25,27,27,2026
IND,TE,17.47,14.13,10.8,3,26,25,24,2026
ARI,TE,17.6,14.93,12.27,3,27,28,28,2026
CIN,TE,17.67,13.83,10.0,3,28,24,20,2026
NO,TE,20.67,16.5,12.33,3,29,29,29,2026
LV,TE,21.07,17.73,14.4,3,30,30,30,2026
WAS,TE,21.4,19.07,16.73,3,31,31,31,2026
DET,TE,33.37,28.53,23.7,3,32,32,32,2026
CAR,WR,22.5,17.5,12.5,3,1,2,2,2026
KC,WR,22.63,17.47,12.3,3,2,1,1,2026
LV,WR,22.77,18.27,13.77,3,3,3,4,2026
SEA,WR,23.83,18.67,13.5,3,4,4,3,2026
MIA,WR,24.23,19.07,13.9,3,5,5,5,2026
TB,WR,25.37,20.7,16.03,3,6,6,6,2026
CHI,WR,26.83,22.0,17.17,3,7,7,7,2026
DEN,WR,27.43,22.93,18.43,3,8,9,11,2026
SF,WR,28.07,22.73,17.4,3,9,8,8,2026
NYJ,WR,28.83,23.17,17.5,3,10,10,9,2026
NO,WR,29.0,24.0,19.0,3,11,12,13,2026
PIT,WR,29.0,23.5,18.0,4,11,11,10,2026
LA,WR,29.43,24.93,20.43,3,13,14,16,2026
DAL,WR,29.6,24.27,18.93,3,14,13,12,2026
CIN,WR,30.77,25.6,20.43,3,15,16,16,2026
JAX,WR,30.81,25.48,20.15,3,16,15,14,2026
NE,WR,32.9,26.73,20.57,3,17,18,18,2026
LAC,WR,32.93,27.43,21.93,3,18,19,20,2026
TEN,WR,32.93,26.6,20.27,3,18,17,15,2026
GB,WR,34.7,28.37,22.03,3,20,20,21,2026
IND,WR,35.0,29.67,24.33,3,21,23,26,2026
MIN,WR,35.73,29.57,23.4,3,22,22,22,2026
NYG,WR,35.9,29.73,23.57,3,23,24,23,2026
PHI,WR,36.0,30.0,24.0,3,24,25,24,2026
BAL,WR,36.3,28.97,21.63,3,25,21,19,2026
ARI,WR,36.37,31.53,26.7,3,26,27,30,2026
CLE,WR,37.28,31.78,26.28,4,27,28,29,2026
ATL,WR,38.47,31.3,24.13,3,28,26,25,2026
BUF,WR,38.77,32.1,25.43,3,29,30,28,2026
DET,WR,39.0,32.0,25.0,3,30,29,27,2026
HOU,WR,39.63,33.47,27.3,3,31,31,31,2026
WAS,WR,46.65,38.99,31.32,3,32,32,32,2026
