feed,headline,summary,author,published,link,pulled_at
nfl_main,"Sean McVay doesn't want to put an ""invisible deadline"" on Aaron Donald's decision",The Rams are giving Donald plenty of space to make his decision.,Mike Florio,"Sat, 15 Aug 2026 22:55:40 -0400",https://www.nbcsports.com/nfl/profootballtalk/rumor-mill/news/sean-mcvay-doesnt-want-to-put-an-invisible-deadline-on-aaron-donalds-decision,2026-08-16T05:00:11.448777+00:00
nfl_main,Deshaun Watson: I don't doubt myself in any way,"Browns coach Todd Monken said it was ""cool"" and ""awesome"" to watch Deshaun Watson play on Saturday.",Charean Williams,"Sat, 15 Aug 2026 22:13:34 -0400",https://www.nbcsports.com/nfl/profootballtalk/rumor-mill/news/deshaun-watson-i-dont-doubt-myself-in-any-way,2026-08-16T05:00:11.448777+00:00
nfl_main,Bears WRs coach Antwaan Randle El called plays in the second half Saturday,The Bears scored 24 points and put up 235 yards in the second half of their 34-10 preseason win over the Browns on Saturday.,Charean Williams,"Sat, 15 Aug 2026 20:56:00 -0400",https://www.nbcsports.com/nfl/profootballtalk/rumor-mill/news/bears-wrs-coach-antwaan-randle-el-called-plays-in-the-second-half-saturday,2026-08-16T05:00:11.448777+00:00
nfl_main,Ceyair Wright left Bengals 90-man roster for an acting opportunity,"For most football players who make it to the NFL, football is without question their best professional move.",Mike Florio,"Sat, 15 Aug 2026 19:46:15 -0400",https://www.nbcsports.com/nfl/profootballtalk/rumor-mill/news/ceyair-wright-left-bengals-90-man-roster-for-an-acting-opportunity,2026-08-16T05:00:11.448777+00:00
profootballtalk,Judge rules against Los Angeles Rams in arbitration case,"Mike Florio provides the latest as the Superior Court of California, County of Los Angeles found that an arbitration clause used by the Rams is unconscionable.",,"Fri, 14 Aug 2026 09:15:10 -0400",https://www.nbcsports.com/watch/nfl/profootballtalk/judge-rules-against-los-angeles-rams-in-arbitration-case,2026-08-16T05:00:11.448777+00:00
profootballtalk,Developments in Bears' new stadium create a 'strange situation',Mike Florio dives into George H. McCaskey's comments on the Bears' new location and discuss what could be next in the developments.,,"Fri, 14 Aug 2026 09:15:09 -0400",https://www.nbcsports.com/watch/nfl/profootballtalk/developments-in-bears-new-stadium-create-a-strange-situation,2026-08-16T05:00:11.448777+00:00
profootballtalk,NFL must create 'real lines' with Troy Aikman and Tom Brady - Mike Florio,Mike Florio discusses the conflicts of interest that exist with Troy Aikman and Tom Brady as both commentators have roles with NFL teams.,,"Fri, 14 Aug 2026 09:05:39 -0400",https://www.nbcsports.com/watch/nfl/profootballtalk/nfl-must-create-real-lines-with-troy-aikman-and-tom-brady-mike-florio,2026-08-16T05:00:11.448777+00:00
profootballtalk,"NFL preseason power rankings: Texans at No. 3, Cardinals at No. 32","Mike Florio runs Michael Holley through PFT’s preseason power rankings, which includes the Houston Texans at No. 3 and the New England Patriots at No. 7.",,"Fri, 14 Aug 2026 08:45:36 -0400",https://www.nbcsports.com/watch/nfl/profootballtalk/nfl-preseason-power-rankings-texans-at-no-3-cardinals-at-no-32,2026-08-16T05:00:11.448777+00:00
nfl_main,Ty Simpson dazzles in his Rams debut,And now it's becoming a little more apparent why the Rams used the 13th overall pick in the draft on quarterback Ty Simpson.,Mike Florio,"Sun, 16 Aug 2026 01:25:42 -0400",https://www.nbcsports.com/nfl/profootballtalk/rumor-mill/news/ty-simpson-dazzles-in-his-rams-debut,2026-08-16T05:42:40.121811+00:00
nfl_main,Dan Campbell isn't surprised Terrion Arnold found a landing spot,Campbell's praise of Arnold doesn't mesh with the Lions' decision to release him.,Mike Florio,"Sun, 16 Aug 2026 16:38:33 -0400",https://www.nbcsports.com/nfl/profootballtalk/rumor-mill/news/dan-campbell-isnt-surprised-terrion-arnold-found-a-landing-spot,2026-08-16T21:18:13.802441+00:00
nfl_main,Bears activate LT Ozzy Trapilo from active/PUP,"The Bears activated offensive tackle Ozzy Trapilo from active/physically unable to perform, the team announced.",Charean Williams,"Sun, 16 Aug 2026 16:31:45 -0400",https://www.nbcsports.com/nfl/profootballtalk/rumor-mill/news/bears-activate-lt-ozzy-trapilo-from-active-pup,2026-08-16T21:18:13.802441+00:00
nfl_main,"George Kittle ""very confident"" he won't start season on reserve/PUP",49ers tight end George Kittle is on the active/physically unable to perform list.,Charean Williams,"Sun, 16 Aug 2026 16:18:52 -0400",https://www.nbcsports.com/nfl/profootballtalk/rumor-mill/news/george-kittle-very-confident-he-wont-start-season-on-reserve-pup,2026-08-16T21:18:13.802441+00:00
nfl_main,Christian McCaffrey is still not practicing,McCaffrey has now missed a full week.,Mike Florio,"Sun, 16 Aug 2026 16:15:37 -0400",https://www.nbcsports.com/nfl/profootballtalk/rumor-mill/news/christian-mccaffrey-is-still-not-practicing,2026-08-16T21:18:13.802441+00:00
nfl_main,RB Jonathan Ward signs with Ravens,"The Ravens signed running back Jonathan Ward on Sunday, the team announced.",Charean Williams,"Sun, 16 Aug 2026 17:42:25 -0400",https://www.nbcsports.com/nfl/profootballtalk/rumor-mill/news/rb-jonathan-ward-signs-with-ravens,2026-08-16T22:05:24.279078+00:00
nfl_main,Marcus Davenport visits the Bears,Free agent defensive end Marcus Davenport has spent the last three seasons with NFC North teams and he met with another club in the division as he looks for a spot to play in 2026.,Josh Alper,"Sun, 16 Aug 2026 17:41:28 -0400",https://www.nbcsports.com/nfl/profootballtalk/rumor-mill/news/marcus-davenport-visits-the-bears,2026-08-16T22:05:24.279078+00:00
nfl_main,"Todd Monken: Shedeur Sanders has ""improved so much""","After Deshaun Watson started against the Bears on Saturday, Browns head coach Todd Monken detailed how he'll divide the QB reps between Watson and second-year signal-caller Shedeur Sanders on Sunday.",Myles Simmons,"Sun, 16 Aug 2026 17:37:17 -0400",https://www.nbcsports.com/nfl/profootballtalk/rumor-mill/news/todd-monken-shedeur-sanders-has-improved-so-much,2026-08-16T22:05:24.279078+00:00
nfl_main,Aaron Donald worked out at Rams facility for a second time,Aaron Donald initially worked out at the Rams team facility on Aug. 5 to evaluate how he felt.,Charean Williams,"Sun, 16 Aug 2026 17:18:29 -0400",https://www.nbcsports.com/nfl/profootballtalk/rumor-mill/news/aaron-donald-worked-out-at-rams-facility-for-a-second-time,2026-08-16T22:05:24.279078+00:00
nfl_main,Raiders sign WR Noah Brown,Veteran wide receiver Noah Brown has found a new team.,Josh Alper,"Sun, 16 Aug 2026 17:49:01 -0400",https://www.nbcsports.com/nfl/profootballtalk/rumor-mill/news/raiders-sign-wr-noah-brown,2026-08-16T22:11:52.108794+00:00
nfl_main,"Kevin O'Connell: Despite injury, Jamal Adams will be ""important"" to Vikings in 2026",The Vikings lost safety/linebacker Jamal Adams to a torn quad tendon during Saturday's preseason opener at the Giants.,Mike Florio,"Mon, 17 Aug 2026 19:39:33 -0400",https://www.nbcsports.com/nfl/profootballtalk/rumor-mill/news/kevin-oconnell-despite-injury-jamal-adams-will-be-important-to-vikings-in-2026,2026-08-17T23:54:37.926266+00:00
nfl_main,Commanders agree to terms with LB Krys Barnes,"The Commanders have agreed to terms with linebacker Krys Barnes, Matt Zenitz of CBS Sports reports.",Charean Williams,"Mon, 17 Aug 2026 19:26:54 -0400",https://www.nbcsports.com/nfl/profootballtalk/rumor-mill/news/commanders-agree-to-terms-with-lb-krys-barnes,2026-08-17T23:54:37.926266+00:00
nfl_main,Patriots agree to terms with OG Greg Van Roten,"Veteran offensive guard Greg Van Roten will sign a one-year deal with the Patriots, Jeremy Fowler of ESPN reports.",Charean Williams,"Mon, 17 Aug 2026 18:58:45 -0400",https://www.nbcsports.com/nfl/profootballtalk/rumor-mill/news/patriots-agree-to-terms-with-og-greg-van-roten,2026-08-17T23:54:37.926266+00:00
nfl_main,Report: Bears RB Kyle Monangai will miss weeks with a hyperextended knee,"The MRI of Bears running back Kyle Monangai's injured knee diagnosed a hyperextension, Jeremy Fowler of ESPN reports.",Charean Williams,"Mon, 17 Aug 2026 18:32:09 -0400",https://www.nbcsports.com/nfl/profootballtalk/rumor-mill/news/report-bears-rb-kyle-monangai-will-miss-weeks-with-a-hyperextended-knee,2026-08-17T23:54:37.926266+00:00
profootballtalk,Could Christian McCaffrey be holding in given new running back deals?,"Mike Florio and Chris Simms discuss Christian McCaffrey missing 49ers practice and question if the running back could be ""taking a stand"" for a new contract.",,"Mon, 17 Aug 2026 09:25:41 -0400",https://www.nbcsports.com/watch/nfl/profootballtalk/could-christian-mccaffrey-be-holding-in-given-new-running-back-deals,2026-08-17T23:54:37.926266+00:00
profootballtalk,Jeremiyah Love and Marcus Mariota both suffer injuries in preseason,"Chris Simms and Mike Florio discuss the injuries to Jeremiyah Love and Marcus Mariota, diving into the risk preseason brings to NFL players.",,"Mon, 17 Aug 2026 09:05:41 -0400",https://www.nbcsports.com/watch/nfl/profootballtalk/jeremiyah-love-and-marcus-mariota-both-suffer-injuries-in-preseason,2026-08-17T23:54:37.926266+00:00
profootballtalk,Devon Witherspoon's new deal has impact on Christian Gonzalez,"Chris Simms and Mike Florio react to Devon Witherspoon's new deal with the Seahawks, examining the cornerback's impact in Seattle and what the contract means for Christian Gonzalez.",,"Mon, 17 Aug 2026 08:55:17 -0400",https://www.nbcsports.com/watch/nfl/profootballtalk/devon-witherspoons-new-deal-has-impact-on-christian-gonzalez,2026-08-17T23:54:37.926266+00:00
profootballtalk,Why did Detroit Lions ultimately decide to cut Terrion Arnold?,Mike Florio and Chris Simms discuss Dan Campbell's comments on Terrion Arnold and question why the Detroit Lions decided to cut the cornerback following felony robbery and kidnapping charges.,,"Mon, 17 Aug 2026 08:55:15 -0400",https://www.nbcsports.com/watch/nfl/profootballtalk/why-did-detroit-lions-ultimately-decide-to-cut-terrion-arnold,2026-08-17T23:54:37.926266+00:00
nfl_main,Smoking-gun document produced by Korn Ferry could shake up Brian Flores case,"Flores seeks to amend complaint based on ""insane"" document from search firm.",Mike Florio,"Mon, 17 Aug 2026 21:36:36 -0400",https://www.nbcsports.com/nfl/profootballtalk/rumor-mill/news/smoking-gun-document-produced-by-korn-ferry-could-shake-up-brian-flores-case,2026-08-18T01:50:37.451858+00:00
nfl_main,Jerry Jones still open to substantive move despite adding Von Miller,The Cowboys agreed to terms with veteran outside linebacker Von Miller on Sunday.,Charean Williams,"Mon, 17 Aug 2026 21:26:49 -0400",https://www.nbcsports.com/nfl/profootballtalk/rumor-mill/news/jerry-jones-still-open-to-substantive-move-despite-adding-von-miller,2026-08-18T01:50:37.451858+00:00
nfl_main,Jaguars OG Patrick Mekari recently underwent back procedure,"Jaguars right guard Patrick Mekari recently underwent surgery on his back and will miss some time, NFL Media reports.",Charean Williams,"Mon, 17 Aug 2026 20:35:51 -0400",https://www.nbcsports.com/nfl/profootballtalk/rumor-mill/news/jaguars-og-patrick-mekari-recently-underwent-back-procedure,2026-08-18T01:50:37.451858+00:00
nfl_main,"For first anniversary of release, Big Shield ebook is free on Tuesday","A year ago, Big Shield arrived as a cautionary tale regarding pro sports and legalized betting.",Mike Florio,"Mon, 17 Aug 2026 20:30:07 -0400",https://www.nbcsports.com/nfl/profootballtalk/rumor-mill/news/for-first-anniversary-of-release-big-shield-ebook-is-free-on-tuesday,2026-08-18T01:50:37.451858+00:00
nfl_main,Saints WR Chris Olave exits joint practice with Cowboys,Saints wide receiver Chris Olave left Tuesday's joint practice with the Cowboys early.,Charean Williams,"Tue, 18 Aug 2026 18:51:52 -0400",https://www.nbcsports.com/nfl/profootballtalk/rumor-mill/news/saints-wr-chris-olave-exits-joint-practice-with-cowboys,2026-08-18T23:49:38.569379+00:00
nfl_main,Longtime special teams coach Frank Gansz Jr. dies at 64,"Frank Gansz Jr., who spent decades as an assistant coach in the NFL, college football and multiple spring leagues, has died at the age of 64.",Michael David Smith,"Tue, 18 Aug 2026 17:42:27 -0400",https://www.nbcsports.com/nfl/profootballtalk/rumor-mill/news/longtime-special-teams-coach-frank-gansz-jr-dies-at-64,2026-08-18T23:49:38.569379+00:00
nfl_main,Free agent DL Greg Gaines agrees to terms with Bills,"The Bills are signing free agent defensive lineman Greg Gaines, Jeremy Fowler of ESPN reports.",Charean Williams,"Tue, 18 Aug 2026 17:36:26 -0400",https://www.nbcsports.com/nfl/profootballtalk/rumor-mill/news/free-agent-dl-greg-gaines-agrees-to-terms-with-bills,2026-08-18T23:49:38.569379+00:00
nfl_main,"Todd Monken gets upset, ends physical Browns practice early","Browns head coach Todd Monken found himself ""emotionally hijacked"" during a practice early in training camp and he was hot under the collar again on Tuesday.",Josh Alper,"Tue, 18 Aug 2026 17:33:15 -0400",https://www.nbcsports.com/nfl/profootballtalk/rumor-mill/news/todd-monken-gets-upset-ends-browns-practice-early,2026-08-18T23:49:38.569379+00:00
profootballtalk,Why do NFL teams downplay injuries during training camp?,Mike Florio explains why NFL franchises downplay training camp injuries with the league rules and strategic advantages at play to this approach.,,"Tue, 18 Aug 2026 15:35:28 -0400",https://www.nbcsports.com/watch/nfl/profootballtalk/pft-pm/why-do-nfl-teams-downplay-injuries-during-training-camp,2026-08-18T23:49:38.569379+00:00
profootballtalk,NFL's possible future could expand to 20 games among 40 teams,Mike Florio predicts the future of NFL expansion to a longer schedule with more teams across the globe.,,"Tue, 18 Aug 2026 15:25:01 -0400",https://www.nbcsports.com/watch/nfl/profootballtalk/pft-pm/nfls-possible-future-could-expand-to-20-games-among-40-teams,2026-08-18T23:49:38.569379+00:00
profootballtalk,Did Tom Brady's broadcaster gig play a role in hiring Klint Kubiak?,Mike Florio explores if Tom Brady's broadcaster gig aided the Raiders' evaluation on Klint Kubiak before eventually hiring him as the team's head coach.,,"Tue, 18 Aug 2026 15:24:58 -0400",https://www.nbcsports.com/watch/nfl/profootballtalk/pft-pm/did-tom-bradys-broadcaster-gig-play-a-role-in-hiring-klint-kubiak,2026-08-18T23:49:38.569379+00:00
profootballtalk,How Korn Ferry document could shake up Brian Flores' case against NFL,"Mike Florio explores recent revelations surrounding the search firm Korn Ferry and its role in providing documents to Brian Flores's lawyer, ones that could potentially include a ""smoking gun"" piece of evidence.",,"Tue, 18 Aug 2026 15:24:57 -0400",https://www.nbcsports.com/watch/nfl/profootballtalk/pft-pm/how-korn-ferry-document-could-shake-up-brian-flores-case-against-nfl,2026-08-18T23:49:38.569379+00:00
nfl_main,Could Deshaun Watson get a two-game audition for the starting job?,Browns coach Todd Monken surely knows which quarterback he'll name as the team's starter on Monday.,Mike Florio,"Sun, 23 Aug 2026 19:24:23 -0400",https://www.nbcsports.com/nfl/profootballtalk/rumor-mill/news/could-deshaun-watson-get-a-two-game-audition-for-the-starting-job,2026-08-24T00:55:44.440224+00:00
nfl_main,"Three years since selling Commanders, Daniel Synder has become ""invisible""",Daniel Snyder is the perfect example of a fundamental truth: The only thing better than being rich and famous is being rich.,Mike Florio,"Sun, 23 Aug 2026 18:55:36 -0400",https://www.nbcsports.com/nfl/profootballtalk/rumor-mill/news/three-years-since-selling-commanders-daniel-synder-has-become-invisible,2026-08-24T00:55:44.440224+00:00
nfl_main,Ashton Jeanty exits Sunday's practice with apparent leg injury,Jeanty went down after diving to make a catch during the day's session.,Myles Simmons,"Sun, 23 Aug 2026 17:43:26 -0400",https://www.nbcsports.com/nfl/profootballtalk/rumor-mill/news/ashton-jeanty-exits-sundays-practice-with-apparent-leg-injury,2026-08-24T00:55:44.440224+00:00
nfl_main,"Browns will waive Dae’Quan Wright, who has agreed to play for LSU",Browns tight end Dae’Quan Wright is poised to do something that once would have been unthinkable: Leave the NFL and go play in the NCAA.,Michael David Smith,"Sun, 23 Aug 2026 17:08:05 -0400",https://www.nbcsports.com/nfl/profootballtalk/rumor-mill/news/browns-will-waive-daequan-wright-who-has-agreed-to-play-for-lsu,2026-08-24T00:55:44.440224+00:00
profootballtalk,Saquon Barkley on RB contract extensions: 'That's how it's supposed to be',"Mike Florio and Michael Holley unpack notable RB contract extensions for Jonathan Taylor, Jahmyr Gibbs and more.",,"Fri, 21 Aug 2026 09:15:00 -0400",https://www.nbcsports.com/watch/nfl/profootballtalk/saquon-barkley-on-rb-contract-extensions-thats-how-its-supposed-to-be,2026-08-24T00:55:44.440224+00:00
profootballtalk,"Laremy Tunsil, Danny Pinter headline notable O-line injuries","Mike Florio and Michael Holley unpack the notable offensive lineman injuries that have emerged out of training camp, including what Danny Pinter's injury means for the Ravens.",,"Fri, 21 Aug 2026 09:10:50 -0400",https://www.nbcsports.com/watch/nfl/profootballtalk/laremy-tunsil-danny-pinter-headline-notable-o-line-injuries,2026-08-24T00:55:44.440224+00:00
profootballtalk,Philadelphia Eagles Saquon Barkley on why he 'hates joint practice',"Mike Florio and Michael Holley discuss the recent fights that have broken out during preseason training at joint practices, including how the issue might be remedied in the future.",,"Fri, 21 Aug 2026 09:05:31 -0400",https://www.nbcsports.com/watch/nfl/profootballtalk/philadelphia-eagles-saquon-barkley-on-why-he-hates-joint-practice,2026-08-24T00:55:44.440224+00:00
profootballtalk,Dan Campbell says Lions' Super Bowl window 'is not closed',Mike Florio and Michael Holley unpack Lions head coach Dan Campbell's recent comments about Detroit's Super Bowl chances for the upcoming season.,,"Fri, 21 Aug 2026 09:00:22 -0400",https://www.nbcsports.com/watch/nfl/profootballtalk/dan-campbell-says-lions-super-bowl-window-is-not-closed,2026-08-24T00:55:44.440224+00:00
nfl_main,John Schneider says Seahawks plan to add Trevon Diggs to practice squad,The Seahawks cut cornerback Trevon Diggs on Sunday.,Mike Florio,"Sun, 30 Aug 2026 19:56:08 -0400",https://www.nbcsports.com/nfl/profootballtalk/rumor-mill/news/john-schneider-says-seahawks-plan-to-add-trevon-diggs-to-practice-squad,2026-08-31T00:09:41.247643+00:00
nfl_main,Aaron Donald takes part in Rams practice Sunday,Defensive tackle Aaron Donald returned to the Rams' roster on Sunday and he returned to the field with the team later in the day.,Josh Alper,"Sun, 30 Aug 2026 19:43:30 -0400",https://www.nbcsports.com/nfl/profootballtalk/rumor-mill/news/aaron-donald-takes-part-in-rams-practice-sunday,2026-08-31T00:09:41.247643+00:00
nfl_main,Panthers set their initial 53-player roster,The Panthers have set their initial 53-player roster.,Charean Williams,"Sun, 30 Aug 2026 19:43:08 -0400",https://www.nbcsports.com/nfl/profootballtalk/rumor-mill/news/panthers-set-their-initial-53-player-roster,2026-08-31T00:09:41.247643+00:00
nfl_main,Chargers didn't cut Tony Jefferson after all,Tony Jefferson remains a Charger.,Michael David Smith,"Sun, 30 Aug 2026 19:39:09 -0400",https://www.nbcsports.com/nfl/profootballtalk/rumor-mill/news/chargers-didnt-cut-tony-jefferson-after-all,2026-08-31T00:09:41.247643+00:00
profootballtalk,"Aaron Donald unretires, rejoins Los Angeles Rams on 1-year deal","Mike Florio reacts to the news of Aaron Donald coming out of retirement to rejoin the Los Angeles Rams, explaining how the team made the money work and exploring why this decision took so long.",,"Sun, 30 Aug 2026 17:24:53 -0400",https://www.nbcsports.com/watch/nfl/profootballtalk/pft-pm/aaron-donald-unretires-rejoins-los-angeles-rams-on-1-year-deal,2026-08-31T00:09:41.247643+00:00
profootballtalk,It's 'set in stone' Kirk Cousins starts over Fernando Mendoza - Chris Simms,"Chris Simms analyzes the quarterback situation in Las Vegas, explaining why he thinks Kirk Cousins will start over Fernando Mendoza despite the No. 1 overall pick's immense talent.",,"Fri, 28 Aug 2026 13:10:16 -0400",https://www.nbcsports.com/watch/nfl/profootballtalk/its-set-in-stone-kirk-cousins-starts-over-fernando-mendoza-chris-simms,2026-08-31T00:09:41.247643+00:00
profootballtalk,New Seahawks owner Vinod Khosla says he’s still a Steelers fan,"Mike Florio and Michael Holley react to Seattle Seahawks owner Vinod Khosla saying he's a Pittsburgh Steelers fan, comically giving their take on the matter.",,"Fri, 28 Aug 2026 09:15:18 -0400",https://www.nbcsports.com/watch/nfl/profootballtalk/new-seahawks-owner-vinod-khosla-says-hes-still-a-steelers-fan,2026-08-31T00:09:41.247643+00:00
profootballtalk,Will Bill Belichick ever be an NFL coach again after UNC headlines?,"Mike Florio and Michael Holley discuss Bill Belichick's potential NFL future, explaining why it keeps getting harder to hire the North Carolina head coach amid a tumultuous tenure in Chapel Hill.",,"Fri, 28 Aug 2026 09:05:46 -0400",https://www.nbcsports.com/watch/nfl/profootballtalk/will-bill-belichick-ever-be-an-nfl-coach-again-after-unc-headlines,2026-08-31T00:09:41.247643+00:00
nfl_main,Inside Harrison Smith's eleventh-hour deal to return to the Vikings,Vikings legend Harrison Smith is back for a fifteenth season in Minnesota.,Mike Florio,"Sun, 06 Sep 2026 15:20:56 -0400",https://www.nbcsports.com/nfl/profootballtalk/rumor-mill/news/inside-harrison-smiths-eleventh-hour-deal-to-return-to-the-vikings,2026-09-06T21:52:15.988618+00:00
nfl_main,"Arizona State, Morgan State agreed to reduce fourth quarter of blowout to 10 minutes","On the same day that a college football game consisted of one second more than 60 minutes, another college football game had five minutes fewer than the usual amount.",Mike Florio,"Sun, 06 Sep 2026 14:41:21 -0400",https://www.nbcsports.com/nfl/profootballtalk/rumor-mill/news/arizona-state-morgan-state-agreed-to-reduce-fourth-quarter-of-blowout-to-10-minutes,2026-09-06T21:52:15.988618+00:00
nfl_main,LSU fans had a strong reaction to an image of Jayden Daniels on the video board,"Three years after quarterback Jayden Daniels put together a Heisman-winning season at LSU, the attitude of the fan base has taken a sharp turn.",Mike Florio,"Sun, 06 Sep 2026 13:35:44 -0400",https://www.nbcsports.com/nfl/profootballtalk/rumor-mill/news/lsu-fans-had-a-strong-reaction-to-an-image-of-jayden-daniels-on-the-video-board,2026-09-06T21:52:15.988618+00:00
nfl_main,NFL announces new contract for Roger Goodell,"Goodell is now signed through March 31, 2031.",Mike Florio,"Sun, 06 Sep 2026 13:20:26 -0400",https://www.nbcsports.com/nfl/profootballtalk/rumor-mill/news/nfl-announces-new-contract-for-roger-goodell,2026-09-06T21:52:15.988618+00:00
profootballtalk,Mark Sanchez plans to plead guilty to felony battery charge,Mike Florio and Michael Holley react to Mark Sanchez’s decision to plead guilty to charges stemming from a fight outside of an Indianapolis hotel.,,"Fri, 04 Sep 2026 09:15:31 -0400",https://www.nbcsports.com/watch/nfl/profootballtalk/mark-sanchez-plans-to-plead-guilty-to-felony-battery-charge,2026-09-06T21:52:15.988618+00:00
profootballtalk,Indianapolis Colts name Anthony Richardson QB2 behind Daniel Jones,Mike Florio and Michael Holley don’t believe the chapter is closed on Anthony Richardson after winning the backup role in Indianapolis behind Daniel Jones.,,"Fri, 04 Sep 2026 09:10:17 -0400",https://www.nbcsports.com/watch/nfl/profootballtalk/indianapolis-colts-name-anthony-richardson-qb2-behind-daniel-jones,2026-09-06T21:52:15.988618+00:00
profootballtalk,NFL says Patriots use of video board during opposing FGs is legal,Mike Florio and Michael Holley believe the Patriots’ video board tactic during field goals is “genius” after being deemed legal by the NFL.,,"Fri, 04 Sep 2026 09:00:57 -0400",https://www.nbcsports.com/watch/nfl/profootballtalk/nfl-says-patriots-use-of-video-board-during-opposing-fgs-is-legal,2026-09-06T21:52:15.988618+00:00
profootballtalk,Patrick Mahomes vows Kansas City Chiefs will be dominant in 2026,Will the 2026 Chiefs return to dominance? Mike Florio and Michael Holley analyze Patrick Mahomes’ endorsement that Kansas City will turn it around this season.,,"Fri, 04 Sep 2026 09:00:56 -0400",https://www.nbcsports.com/watch/nfl/profootballtalk/patrick-mahomes-vows-kansas-city-chiefs-will-be-dominant-in-2026,2026-09-06T21:52:15.988618+00:00
nfl_main,"Giants, QB Jameis Winston agree to two-year extension",No. 1 overall pick in 2015 embraces his status as No. 2 on the depth chart.,Mike Florio,"Sun, 06 Sep 2026 17:48:51 -0400",https://www.nbcsports.com/nfl/profootballtalk/rumor-mill/news/giants-qb-jameis-winston-agree-to-two-year-extension,2026-09-06T21:54:08.064681+00:00
nfl_main,Myles Garrett ready for start of season despite lack of training camp reps,Rams outside linebacker Myles Garrett did not practice Tuesday.,Charean Williams,"Tue, 08 Sep 2026 19:48:16 -0400",https://www.nbcsports.com/nfl/profootballtalk/rumor-mill/news/myles-garrett-ready-for-start-of-season-despite-lack-of-training-camp-reps,2026-09-09T01:12:30.307054+00:00
nfl_main,Myles Garrett did not practice before Rams' departure for Australia,"Pass rusher Myles Garrett has not practiced much this summer because of knee swelling, and he did not practice Tuesday.",Charean Williams,"Tue, 08 Sep 2026 19:02:41 -0400",https://www.nbcsports.com/nfl/profootballtalk/rumor-mill/news/myles-garrett-did-not-practice-before-rams-departure-for-australia,2026-09-09T01:12:30.307054+00:00
nfl_main,"Dolphins LT Patrick Paul: Maxx Crosby is a hothead, have to get him off his game","When the Dolphins hosted the Raiders in 2024, Raiders defensive end Maxx Crosby helped set up an early Miami touchdown by drawing an unnecessary roughness penalty for taking a swipe at Dolphins guard Liam Eichenberg.",Josh Alper,"Tue, 08 Sep 2026 18:46:38 -0400",https://www.nbcsports.com/nfl/profootballtalk/rumor-mill/news/dolphins-lt-patrick-paul-maxx-crosby-is-a-hothead-have-to-get-him-off-his-game,2026-09-09T01:12:30.307054+00:00
nfl_main,"Nick Bosa, George Kittle limited participants in practice",The 49ers released their first practice report of 2026.,Charean Williams,"Tue, 08 Sep 2026 18:44:38 -0400",https://www.nbcsports.com/nfl/profootballtalk/rumor-mill/news/nick-bosa-george-kittle-limited-participants-in-practice,2026-09-09T01:12:30.307054+00:00
profootballtalk,"Tampa Bay Buccaneers reportedly extend Baker Mayfield for 3 years, $165m","Mike Florio reacts to the Tampa Bay Buccaneers reportedly extending Baker Mayfield for three years, saying that the QB situation is now ""out the window"" and they're focused on making another playoff run.",,"Tue, 08 Sep 2026 18:10:02 -0400",https://www.nbcsports.com/watch/nfl/profootballtalk/pft-pm/tampa-bay-buccaneers-reportedly-extend-baker-mayfield-for-3-years-165m,2026-09-09T01:12:30.307054+00:00
profootballtalk,How will New England Patriots handle distractions in 2026?,"Mike Florio and Chris Simms discuss the distractions that surrounded the Patriots and Mike Vrabel this offseason, analyzing what the future could hold for the team if they start off slow.",,"Tue, 08 Sep 2026 10:10:22 -0400",https://www.nbcsports.com/watch/nfl/profootballtalk/how-will-new-england-patriots-handle-distractions-in-2026,2026-09-09T01:12:30.307054+00:00
profootballtalk,Bryce Young and Tyler Shough have interesting situations to follow in 2026,"Chris Simms and Mike Florio discuss the outlooks for both Bryce Young and Tyler Shough in 2026, examining if both quarterbacks will finish the 2026 season as starters.",,"Tue, 08 Sep 2026 09:35:38 -0400",https://www.nbcsports.com/watch/nfl/profootballtalk/bryce-young-and-tyler-shough-have-interesting-situations-to-follow-in-2026,2026-09-09T01:12:30.307054+00:00
profootballtalk,Breaking down unfortunate finish to Western Michigan vs Michigan CFB Week 1,Mike Florio and Chris Simms share their reactions to the wild finish between Western Michigan and Michigan and the implications around the controversies surrounding the outcome.,,"Tue, 08 Sep 2026 09:34:56 -0400",https://www.nbcsports.com/watch/nfl/profootballtalk/breaking-down-unfortunate-finish-to-western-michigan-vs-michigan-cfb-week-1,2026-09-09T01:12:30.307054+00:00
nfl_main,"Cowboys agree to terms with DBs Juanyeh Thomas, Alex Austin","The Cowboys have been hit hard by injuries in their secondary, which is why they had four defensive backs in town to workout.",Charean Williams,"Tue, 29 Sep 2026 21:00:03 -0400",https://www.nbcsports.com/nfl/profootballtalk/rumor-mill/news/cowboys-agree-to-terms-with-dbs-juanyeh-thomas-alex-austin,2026-09-30T01:22:53.147444+00:00
nfl_main,Joe Buck hopes Troy Aikman stays at ESPN,Joe Buck recently re-upped with ESPN.,Mike Florio,"Tue, 29 Sep 2026 20:57:42 -0400",https://www.nbcsports.com/nfl/profootballtalk/rumor-mill/news/joe-buck-hopes-troy-aikman-stays-at-espn,2026-09-30T01:22:53.147444+00:00
nfl_main,"Josh Allen remains the MVP favorite, but Brock Purdy is lurking","Even with no touchdown passes and a pair of interceptions on Sunday against the Chargers, Bills quarterback Josh Allen remains the clear MVP favorite.",Mike Florio,"Tue, 29 Sep 2026 20:35:20 -0400",https://www.nbcsports.com/nfl/profootballtalk/rumor-mill/news/josh-allen-remains-the-mvp-favorite-but-brock-purdy-is-lurking,2026-09-30T01:22:53.147444+00:00
nfl_main,Case Keenum's Monday night performance shows importance of having three quarterbacks,"Last night, Bears quarterback Case Keenum played in a regular-season game for the first time in 1,009 days.",Mike Florio,"Tue, 29 Sep 2026 20:15:52 -0400",https://www.nbcsports.com/nfl/profootballtalk/rumor-mill/news/case-keenums-monday-night-performance-shows-importance-of-having-three-quarterbacks,2026-09-30T01:22:53.147444+00:00
profootballtalk,John Harbaugh says J.J. McCarthy makes New York Giants a ‘stronger’ team,Mike Florio and Chris Simms react to John Harbaugh’s comments on J.J. McCarthy and discuss the quarterback’s fit with the New York Giants.,,"Tue, 29 Sep 2026 10:24:50 -0400",https://www.nbcsports.com/watch/nfl/profootballtalk/john-harbaugh-says-j-j-mccarthy-makes-new-york-giants-a-stronger-team,2026-09-30T01:22:53.147444+00:00
profootballtalk,Why Sean McVay's 90-second press conference was 'genius',"Mike Florio and Chris Simms praiseLos Angeles Rams head coach Sean McVay's 90-second press conference on Sunday, noting it was a calculated move to avoid saying anything that could get him into trouble.",,"Tue, 29 Sep 2026 09:10:29 -0400",https://www.nbcsports.com/watch/nfl/profootballtalk/pft-live/why-sean-mcvays-90-second-press-conference-was-genius,2026-09-30T01:22:53.147444+00:00
profootballtalk,"NFL injury updates: De'Von Achane, Brian Burns both suffer torn ACLs","Mike Florio and Chris Simms discuss the injuries to De'Von Achane, Brian Burns, baker Mayfield and Justin Jefferson following an eventful Week 3 in the NFL.",,"Tue, 29 Sep 2026 08:59:58 -0400",https://www.nbcsports.com/watch/nfl/profootballtalk/nfl-injury-updates-devon-achane-brian-burns-both-suffer-torn-acls,2026-09-30T01:22:53.147444+00:00
profootballtalk,"NFL Week 3 report card: Washington Commanders, Atlanta Falcons impress","Mike Florio and Chris Simms give their report cards for Week 3 of the NFL season, explaining why the Falcons and Commanders impressed on offense and why there's more to be desired from Drake Maye.",,"Tue, 29 Sep 2026 08:59:56 -0400",https://www.nbcsports.com/watch/nfl/profootballtalk/nfl-week-3-report-card-washington-commanders-atlanta-falcons-impress,2026-09-30T01:22:53.147444+00:00
nfl_main,"Vinod Khosla on a potential Seahawks move: ""Never say never""",New owner keeps saying things that won't make the fan base happy.,Mike Florio,"Fri, 02 Oct 2026 20:44:58 -0400",https://www.nbcsports.com/nfl/profootballtalk/rumor-mill/news/vinod-khosla-on-a-potential-seahawks-move-never-say-never,2026-10-03T00:50:14.007398+00:00
nfl_main,"NFL fines Quinn Meinerz $14,926 for a celebratory dice roll",Broncos right guard Quinn Meinerz celebrated with Jaylen Waddle after the wide receiver's 2-point conversion on Sunday.,Charean Williams,"Fri, 02 Oct 2026 18:59:07 -0400",https://www.nbcsports.com/nfl/profootballtalk/rumor-mill/news/nfl-fines-quinn-meinerz-14-926-for-a-celebratory-dice-roll,2026-10-03T00:50:14.007398+00:00
nfl_main,Chiefs DB Chamarri Conner set to make his season debut,Chiefs defensive back Chamarri Conner is set to make his 2026 debut on Sunday.,Charean Williams,"Fri, 02 Oct 2026 18:40:10 -0400",https://www.nbcsports.com/nfl/profootballtalk/rumor-mill/news/chiefs-db-chamarri-conner-set-to-make-his-season-debut,2026-10-03T00:50:14.007398+00:00
nfl_main,"Keenan Allen misses Friday's practice, questionable to play Sunday","The Colts did not rule out any players for Sunday's game against the Commanders in London, but they do have a pair of wide receivers listed as questionable.",Josh Alper,"Fri, 02 Oct 2026 18:19:06 -0400",https://www.nbcsports.com/nfl/profootballtalk/rumor-mill/news/keenan-allen-misses-fridays-practice-questionable-to-play-sunday,2026-10-03T00:50:14.007398+00:00
profootballtalk,"Tony Romo, CBS mutually agree to part ways",Mike Florio unpacks the breaking news surrounding Tony Romo's departure from CBS after he and the network mutually agreed to part ways Friday afternoon.,,"Fri, 02 Oct 2026 13:20:07 -0400",https://www.nbcsports.com/watch/nfl/profootballtalk/pft-pm/tony-romo-cbs-mutually-agree-to-part-ways,2026-10-03T00:50:14.007398+00:00
profootballtalk,Drake Maye needs to show 'anything' positive in Week 4 vs. Bills,"In the Week 4 edition of PFT's Show Me Something draft, Mike Florio and Michael Holley make their picks for performances they want to see, including a Drake Maye breakout against the Buffalo Bills.",,"Fri, 02 Oct 2026 09:30:08 -0400",https://www.nbcsports.com/watch/nfl/profootballtalk/drake-maye-needs-to-show-anything-positive-in-week-4-vs-bills,2026-10-03T00:50:14.007398+00:00
profootballtalk,Jayden Daniels says he's 'not surprised' about his quick recovery timeline,"Mike Florio and Michael Holley discuss Jayden Daniels' readiness for Week 4 after the Commanders QB, who suffered a dislocated elbow in Week 2, was coy about whether he'd play.",,"Fri, 02 Oct 2026 09:24:57 -0400",https://www.nbcsports.com/watch/nfl/profootballtalk/jayden-daniels-says-hes-not-surprised-about-his-quick-recovery-timeline,2026-10-03T00:50:14.007398+00:00
profootballtalk,Roger Goodell meets with Illinois general assembly on Bears stadium,Mike Florio and Michael Holley debrief the latest development on the Chicago Bears' stadium plans as Roger Goodell met with the Illinois general assembly and governor JB Pritzker amid rumors of a move to Indiana.,,"Fri, 02 Oct 2026 09:24:56 -0400",https://www.nbcsports.com/watch/nfl/profootballtalk/roger-goodell-meets-with-illinois-general-assembly-on-bears-stadium,2026-10-03T00:50:14.007398+00:00
nfl_main,"Saints rule out Kaden Elliss, Carl Granderson for Monday night's game","Linebacker Kaden Elliss moved from the Falcons to the Saints as a free agent this offseason, but he won't be playing against his former team on Monday night.",Josh Alper,"Sat, 03 Oct 2026 15:42:10 -0400",https://www.nbcsports.com/nfl/profootballtalk/rumor-mill/news/saints-rule-out-kaden-elliss-carl-granderson-for-monday-nights-game,2026-10-03T20:11:03.898234+00:00
nfl_main,"Falcons list Divine Deablo, Samson Ebukam as questionable for Monday night",The Falcons have released their final injury report for Monday night's game in New Orleans and it includes three of the team's linebackers.,Josh Alper,"Sat, 03 Oct 2026 15:19:16 -0400",https://www.nbcsports.com/nfl/profootballtalk/rumor-mill/news/falcons-list-divine-deablo-samson-ebukam-as-questionable-for-monday-night,2026-10-03T20:11:03.898234+00:00
nfl_main,"Victor Wembanyama will ""never"" promote gambling",One of the benefits of a no-travel Saturday is that it gives me a chance to revisit topics that flashed across the radar screen during a week of non-stop NFL news.,Mike Florio,"Sat, 03 Oct 2026 15:17:27 -0400",https://www.nbcsports.com/nfl/profootballtalk/rumor-mill/news/victor-wembanyama-will-never-promote-gambling,2026-10-03T20:11:03.898234+00:00
profootballtalk,Jerry Jones wants more Dallas Cowboys vs. Houston Texans matchups,"Mike Florio breaks down Jerry Jones' recent comments on his desire for yearly matchups between geographic rivals, including his Dallas Cowboys and the Houston Texans.",,"Sat, 03 Oct 2026 15:10:18 -0400",https://www.nbcsports.com/watch/nfl/profootballtalk/pft-pm/jerry-jones-wants-more-dallas-cowboys-vs-houston-texans-matchups,2026-10-03T20:11:03.898234+00:00
profootballtalk,Will the Dallas Cowboys give Joey Porter Jr. a long-term contract?,"Mike Florio compares Joey Porter Jr.'s extension situation to George Pickens, another former Steeler on the Cowboys. Will Jerry Jones be willing to give Porter the contract that Pittsburgh wouldn't?",,"Sat, 03 Oct 2026 14:55:33 -0400",https://www.nbcsports.com/watch/nfl/profootballtalk/pft-pm/will-the-dallas-cowboys-give-joey-porter-jr-a-long-term-contract,2026-10-03T20:11:03.898234+00:00
profootballtalk,NFL reminds teams in memo that officiating conversations are confidential,"Following Rams coach Sean McVay saying he was told a refereeing decision against LA in Week 3 was errant, the NFL sent a memo to all 30 teams reminding them that such conversations are confidential.",,"Sat, 03 Oct 2026 14:50:21 -0400",https://www.nbcsports.com/watch/nfl/profootballtalk/pft-pm/nfl-reminds-teams-in-memo-that-officiating-conversations-are-confidential,2026-10-03T20:11:03.898234+00:00
profootballtalk,"49ers owner Jed York suspended by NFL for six games, fined $500k","Mike Florio examines the ripple effects of Jed York's six-game suspension for violating personal conduct policy and why a ""fundamental disconnect"" remains in the financial consequences from player to owner.",,"Sat, 03 Oct 2026 14:40:00 -0400",https://www.nbcsports.com/watch/nfl/profootballtalk/pft-pm/49ers-owner-jed-york-suspended-by-nfl-for-six-games-fined-500k,2026-10-03T20:11:03.898234+00:00
nfl_main,Tyson Bagent is expected to start for the Bears on Sunday vs. Jets,"Case Keenum will take a seat on the bench, after beating the Eagles on Monday night.",Mike Florio,"Sat, 03 Oct 2026 20:12:05 -0400",https://www.nbcsports.com/nfl/profootballtalk/rumor-mill/news/tyson-bagent-is-expected-to-start-for-the-bears-on-sunday-vs-jets,2026-10-04T00:45:21.493023+00:00
nfl_main,"Patrick Mahomes looks to extend mastery of Raiders, AFC West","When the Chiefs play in Las Vegas on Sunday, Kansas City quarterback Patrick Mahomes will be looking to extend his mastery of the Raiders — and of their division.",Mike Florio,"Sat, 03 Oct 2026 19:49:27 -0400",https://www.nbcsports.com/nfl/profootballtalk/rumor-mill/news/patrick-mahomes-looks-to-extend-mastery-of-raiders-afc-west,2026-10-04T00:45:21.493023+00:00
nfl_main,"Eagles elevate Zach Ertz, Josiah Deguara",The Eagles added a pair of tight ends to the roster for Sunday's game against the Rams.,Josh Alper,"Sat, 03 Oct 2026 17:58:11 -0400",https://www.nbcsports.com/nfl/profootballtalk/rumor-mill/news/eagles-elevate-zach-ertz-josiah-deguara,2026-10-04T00:45:21.493023+00:00
nfl_main,"Mack Hollins fined twice on the same play, losing $34,441","The NFL fined Patriots receiver Mack Hollins $34,441 for his actions on the same play against the Jaguars.",Charean Williams,"Sat, 03 Oct 2026 17:34:03 -0400",https://www.nbcsports.com/nfl/profootballtalk/rumor-mill/news/mack-hollins-fined-twice-on-the-same-play-losing-34-441,2026-10-04T00:45:21.493023+00:00
profootballtalk,The NFL could 'deconstruct' Sunday Ticket program by 2030 season,"Mike Florio discusses the future of NFL broadcasting on the heels of a report that the league could do away with Sunday Ticket, the subscription service allowing fans to watch every out-of-market game, by 2030.",,"Sat, 03 Oct 2026 15:10:19 -0400",https://www.nbcsports.com/watch/nfl/profootballtalk/pft-pm/the-nfl-could-deconstruct-sunday-ticket-program-by-2030-season,2026-10-04T00:45:21.493023+00:00
nfl_main,"Jalon Daniels: ""Dream come true"" to be starting QB for the Buccaneers today",The undrafted rookie will start today against the Packers with Baker Mayfield out.,Michael David Smith,"Sun, 04 Oct 2026 05:05:35 -0400",https://www.nbcsports.com/nfl/profootballtalk/rumor-mill/news/jalon-daniels-dream-come-true-to-be-starting-qb-for-the-buccaneers-today,2026-10-04T12:00:15.500042+00:00
nfl_main,"Deion Sanders, Colorado lose third in a row","After a 2-0 start to the 2026 season, Deion Sanders and the Colorado Buffaloes have lost their third game in a row.",Mike Florio,"Sun, 04 Oct 2026 00:17:45 -0400",https://www.nbcsports.com/nfl/profootballtalk/rumor-mill/news/deion-sanders-colorado-lose-third-in-a-row,2026-10-04T12:00:15.500042+00:00
nfl_main,"Jeremiah Smith: ""I'm the best player in the country""","After his latest phenomenal performance of the 2026 season, Ohio State receiver Jeremiah Smith stated the obvious.",Mike Florio,"Sat, 03 Oct 2026 21:48:10 -0400",https://www.nbcsports.com/nfl/profootballtalk/rumor-mill/news/jeremiah-smith-im-the-best-player-in-the-country,2026-10-04T12:00:15.500042+00:00
nfl_main,Bill Belichick and UNC fall to 2-2 with loss to Notre Dame,Bill Belichick's second season at North Carolina started at 2-0.,Mike Florio,"Sat, 03 Oct 2026 21:27:24 -0400",https://www.nbcsports.com/nfl/profootballtalk/rumor-mill/news/bill-belichick-and-unc-fall-to-2-2-with-loss-to-notre-dame,2026-10-04T12:00:15.500042+00:00
nfl_main,Jonathan Taylor and the Colts top Athan Kaliakmanis and the Commanders in London,"With the Commanders down to their third-string quarterback, the Colts' running game took control.",Michael David Smith,"Sun, 04 Oct 2026 12:40:19 -0400",https://www.nbcsports.com/nfl/profootballtalk/rumor-mill/news/jonathan-taylor-and-the-colts-top-athan-kaliakmanis-and-the-commanders-in-london,2026-10-04T16:43:20.057176+00:00
nfl_main,CeeDee Lamb thinks he can't be guarded (and it helps to have George Pickens),"Through three games in 2026, Cowboys receiver CeeDee Lamb has 20 catches for 309 yards and three touchdowns.",Mike Florio,"Sun, 04 Oct 2026 12:26:09 -0400",https://www.nbcsports.com/nfl/profootballtalk/rumor-mill/news/ceedee-lamb-thinks-he-cant-be-guarded-and-it-helps-to-have-george-pickens,2026-10-04T16:43:20.057176+00:00
nfl_main,Bears poised to be first team since 1997 Jaguars to start three quarterbacks in first four games,"If, as expected, quarterback Tyson Bagent starts for the Bears today, he'll be the third quarterback to start for Chicago this year.",Mike Florio,"Sun, 04 Oct 2026 12:12:07 -0400",https://www.nbcsports.com/nfl/profootballtalk/rumor-mill/news/bears-poised-to-be-first-team-since-1997-jaguars-to-start-three-quarterbacks-in-first-four-games,2026-10-04T16:43:20.057176+00:00
nfl_main,Lane Johnson is inactive for the Eagles,The Eagles announced right tackle Lane Johnson was questionable to play against the Rams shortly before they released their inactive list for Sunday's game and they confirmed that he won't play when they announced that list.,Josh Alper,"Sun, 04 Oct 2026 11:42:54 -0400",https://www.nbcsports.com/nfl/profootballtalk/rumor-mill/news/lane-johnson-is-inactive-for-the-eagles,2026-10-04T16:43:20.057176+00:00
nfl_main,"Seahawks take advantage of Chargers' second turnover, lead 7-3",Justin Herbert threw an interception to Drake Thomas on the first play from scrimmage.,Charean Williams,"Sun, 04 Oct 2026 16:56:27 -0400",https://www.nbcsports.com/nfl/profootballtalk/rumor-mill/news/seahawks-take-advantage-of-chargers-second-turnover-lead-7-3,2026-10-04T21:04:15.692713+00:00
nfl_main,Packers fear LB Edgerrin Cooper tore his Achilles,The Packers expect to play the rest of the season without star linebacker Edgerrin Cooper.,Charean Williams,"Sun, 04 Oct 2026 16:45:45 -0400",https://www.nbcsports.com/nfl/profootballtalk/rumor-mill/news/packers-fear-lb-edgerrin-cooper-tore-his-achilles,2026-10-04T21:04:15.692713+00:00
nfl_main,Tee Higgins left Sunday's loss with an adductor injury,"Bengals wide receiver Tee Higgins had the second-most receiving yards he's ever had in a single game on Sunday, but he wasn't able to help the Bengals try to win the game at the end of the fourth quarter.",Josh Alper,"Sun, 04 Oct 2026 16:45:10 -0400",https://www.nbcsports.com/nfl/profootballtalk/rumor-mill/news/tee-higgins-left-sundays-loss-with-an-adductor-injury,2026-10-04T21:04:15.692713+00:00
nfl_main,"Kirk Cousins throws 10th TD of the year, Raiders lead Chiefs 7-0",Kirk Cousins continues to play good ball.,Myles Simmons,"Sun, 04 Oct 2026 16:44:20 -0400",https://www.nbcsports.com/nfl/profootballtalk/rumor-mill/news/kirk-cousins-throws-10th-td-of-the-year-raiders-lead-chiefs-7-0,2026-10-04T21:04:15.692713+00:00
nfl_main,Sunday Night Football: Tetairoa McMillan's big night powers Panthers to 32-26 victory,"McMillan caught 14 passes for 192 yards with two touchdowns against Detroit, as Carolina moved to 2-2 in 2026.",Myles Simmons,"Sun, 04 Oct 2026 23:51:22 -0400",https://www.nbcsports.com/nfl/profootballtalk/rumor-mill/news/sunday-night-football-tetairoa-mcmillans-big-night-powers-panthers-to-32-26-victory,2026-10-05T04:43:15.985479+00:00
nfl_main,Ability to practice will determine Jayden Daniels's potential return next week,Commanders quarterback Marcus Mariota is believed to have an MCL sprain.,Mike Florio,"Sun, 04 Oct 2026 23:07:47 -0400",https://www.nbcsports.com/nfl/profootballtalk/rumor-mill/news/ability-to-practice-will-determine-jayden-danielss-potential-return-next-week,2026-10-05T04:43:15.985479+00:00
nfl_main,"Jim Harbaugh: Mike McDaniel's job ""is not in jeopardy""","After the Chargers lost their third game of the season in three weeks, coach Jim Harbaugh gave offensive coordinator Mike McDaniel a vote of confidence.",Mike Florio,"Sun, 04 Oct 2026 22:49:23 -0400",https://www.nbcsports.com/nfl/profootballtalk/rumor-mill/news/jim-harbaugh-mike-mcdaniels-job-is-not-in-jeopardy,2026-10-05T04:43:15.985479+00:00
nfl_main,Chuba Hubbard's second TD gives Panthers 29-19 lead,The Panthers punted on their first drive.,Myles Simmons,"Sun, 04 Oct 2026 22:37:27 -0400",https://www.nbcsports.com/nfl/profootballtalk/rumor-mill/news/chuba-hubbards-second-td-gives-panthers-29-19-lead,2026-10-05T04:43:15.985479+00:00
profootballtalk,"Athan Kaliakmanis impresses, but the Commanders lose to the Colts","Mike Florio praises the efforts of Washington third-string quarterback Athan Kaliakmanis, who performed admirably after Marcus Mariota's injury. However, Indianapois still cruised to an easy victory.",,"Sun, 04 Oct 2026 17:50:30 -0400",https://www.nbcsports.com/watch/nfl/profootballtalk/pft-pm/athan-kaliakmanis-impresses-but-the-commanders-lose-to-the-colts,2026-10-05T04:43:15.985479+00:00
profootballtalk,CeeDee Lamb goes off as Dallas Cowboys survive vs. Houston Texans in Week 4,"Mike Florio reacts to the Cowboys' big offensive day against the Texans in Week 4, which saw CeeDee Lamb have one of the best games of his career and Dallas advance to 2-2.",,"Sun, 04 Oct 2026 17:49:44 -0400",https://www.nbcsports.com/watch/nfl/profootballtalk/pft-pm/ceedee-lamb-goes-off-as-dallas-cowboys-survive-vs-houston-texans-in-week-4,2026-10-05T04:43:15.985479+00:00
profootballtalk,Tyson Bagent's Bears best Jets with Ben Johnson's 'cheeky' schemes,"Mike Florio reacts to the Jets finally snapping the 20-game streak without an interception but ultimately falling to the Bears, leaned on Tyson Bagent to guide them to the win this week after Case Keenum's MNF heroics.",,"Sun, 04 Oct 2026 17:45:22 -0400",https://www.nbcsports.com/watch/nfl/profootballtalk/pft-pm/tyson-bagents-bears-best-jets-with-ben-johnsons-cheeky-schemes,2026-10-05T04:43:15.985479+00:00
profootballtalk,Packers' ugly win over Buccaneers heats Todd Bowles' seat in Tampa,"Mike Florio unpacks the ugly tilt between the Packers and Buccaneers, where Green Bay escaped a ""low priority"" game while Todd Bowles finds himself on the hot seat as Tampa Bay stares down the barrel of an 0-5 start.",,"Sun, 04 Oct 2026 17:45:21 -0400",https://www.nbcsports.com/watch/nfl/profootballtalk/pft-pm/packers-ugly-win-over-buccaneers-heats-todd-bowles-seat-in-tampa,2026-10-05T04:43:15.985479+00:00
