team_abbr,off_plays,off_pass_rate_neutral,off_proe,off_shotgun_pct,off_under_center_pct,off_pistol_pct,off_no_huddle_pct,off_11_pct,off_12_pct,off_21_pct,off_heavy_pct,def_box_avg,def_base_pct,def_nickel_pct,def_dime_pct,def_blitz_pct,def_man_pct,def_top_coverage,off_identity,def_identity,hc_name,oc_name,dc_name,derived_from_seasons
ARI,2105.0,60.0,0.8,71.4,27.5,2.5,11.3,52.4,36.8,0.1,10.8,6.14,42.1,41.9,16.0,27.5,28.7,Cover 3,"pass-first, 12-personnel lean","dime-heavy, average pressure, zone-heavy, most-used Cover 3",Mike LaFleur,Nathaniel Hackett,Nick Rallis,"2024, 2025"
ATL,2109.0,56.8,-7.2,81.2,19.2,33.0,12.9,45.6,37.7,9.3,7.4,6.29,27.7,71.5,0.8,35.2,34.3,Cover 1,"run-leaning, 12-personnel lean, shotgun-heavy","nickel base, blitz-heavy, man/zone mix, most-used Cover 1",Kevin Stefanski,Tommy Rees,Jeff Ulbrich,"2024, 2025"
BAL,1995.0,50.7,-8.1,67.6,34.8,5.4,4.3,30.9,35.8,18.8,14.1,6.21,12.0,63.7,24.3,23.7,33.7,Cover 3,"run-leaning, heavy two-back / FB usage","dime-heavy, average pressure, man/zone mix, most-used Cover 3",Jesse Minter,Declan Doyle,Anthony Weaver,"2024, 2025"
BUF,2070.0,54.1,-2.8,57.5,49.5,1.4,6.2,63.1,11.8,8.8,16.3,6.21,22.5,62.1,15.4,24.9,32.4,Cover 2,"balanced, real under-center rate","dime-heavy, average pressure, zone-heavy, most-used Cover 2",Joe Brady,Pete Carmichael,Jim Leonhard,"2024, 2025"
CAR,1983.0,54.1,-4.2,67.5,32.6,7.4,6.7,67.7,21.4,1.9,9.0,6.14,27.6,53.0,19.4,25.9,22.3,Cover 3,run-leaning,"dime-heavy, average pressure, zone-heavy, most-used Cover 3",Dave Canales,Brad Idzik,Ejiro Evero,"2024, 2025"
CHI,2155.0,55.3,-3.2,61.3,47.5,2.1,15.2,54.9,36.8,0.0,8.3,6.22,14.5,73.9,11.6,27.6,42.8,Cover 1,"run-leaning, 12-personnel lean, real under-center rate","nickel base, average pressure, man-leaning, most-used Cover 1",Ben Johnson,Press Taylor,Dennis Allen,"2024, 2025"
CIN,2118.0,66.8,5.0,83.0,17.3,3.0,2.8,66.5,30.8,1.9,0.8,6.18,29.0,62.2,8.8,17.7,37.2,Cover 3,"pass-first, 12-personnel lean, shotgun-heavy","nickel base, 4-man rush, man/zone mix, most-used Cover 3",Zac Taylor,Dan Pitcher,Al Golden,"2024, 2025"
CLE,2149.0,58.1,-1.6,72.8,31.9,2.2,12.2,47.4,46.3,1.4,4.9,6.42,38.9,48.5,12.6,28.0,41.7,Cover 1,"balanced, 12-personnel lean","base-personnel lean, average pressure, man/zone mix, most-used Cover 1",Todd Monken,Travis Switzer,Mike Rutenberg,"2024, 2025"
DAL,2199.0,58.6,-1.7,67.6,37.2,1.9,9.0,69.1,17.5,8.2,5.2,6.28,30.9,68.7,0.4,28.5,25.6,Cover 3,"balanced, spread, 11-personnel base, real under-center rate","nickel base, average pressure, zone-heavy, most-used Cover 3",Brian Schottenheimer,Klayton Adams,Christian Parker,"2024, 2025"
DEN,2117.0,59.2,1.1,64.6,35.5,4.5,13.2,68.2,14.4,7.8,9.5,6.12,28.0,56.5,15.5,32.2,46.0,Cover 1,"balanced, spread, 11-personnel base, real under-center rate","dime-heavy, blitz-heavy, man-leaning, most-used Cover 1",Sean Payton,Davis Webb,Vance Joseph,"2024, 2025"
DET,2150.0,55.8,-4.0,47.9,48.0,0.5,4.8,65.0,26.3,3.6,5.1,6.5,65.7,34.3,0.0,27.3,41.8,Cover 1,"run-leaning, real under-center rate","base-personnel lean, average pressure, man/zone mix, most-used Cover 1",Dan Campbell,Drew Petzing,Kelvin Sheppard,"2024, 2025"
GB,2015.0,51.1,-6.4,69.1,37.0,7.3,8.9,61.9,33.5,3.1,1.4,6.27,37.8,61.8,0.4,20.7,20.0,Cover 3,"run-leaning, 12-personnel lean, real under-center rate","base-personnel lean, average pressure, zone-heavy, most-used Cover 3",Matt LaFleur,Adam Stenavich,Jonathan Gannon,"2024, 2025"
HOU,2123.0,58.8,-0.1,60.8,37.8,0.0,4.6,77.8,13.3,7.2,1.7,6.32,26.8,73.1,0.1,22.8,32.6,Cover 1,"balanced, spread, 11-personnel base, real under-center rate","nickel base, average pressure, zone-heavy, most-used Cover 1",DeMeco Ryans,Nick Caley,Matt Burke,"2024, 2025"
IND,2045.0,53.7,-4.8,79.9,27.2,3.8,8.2,63.8,26.5,0.7,8.9,6.18,18.9,68.3,12.8,28.1,37.5,Cover 3,"run-leaning, shotgun-heavy","nickel base, average pressure, man/zone mix, most-used Cover 3",Shane Steichen,Jim Bob Cooter,Lou Anarumo,"2024, 2025"
JAX,2065.0,57.7,-0.8,65.6,38.5,3.1,9.9,72.5,22.8,3.7,1.0,6.18,35.0,53.6,11.5,25.8,24.5,Cover 3,"balanced, spread, 11-personnel base, real under-center rate","base-personnel lean, average pressure, zone-heavy, most-used Cover 3",Liam Coen,Grant Udinski,Anthony Campanile,"2024, 2025"
KC,2117.0,60.3,4.6,78.6,18.7,3.5,1.8,58.4,30.8,4.3,6.5,6.25,33.1,56.3,10.5,33.8,36.7,Cover 2,"pass-first, 12-personnel lean, shotgun-heavy","blitz-heavy, man/zone mix, most-used Cover 2",Andy Reid,Eric Bieniemy,Steve Spagnuolo,"2024, 2025"
LA,2084.0,59.5,-0.3,47.9,59.1,0.7,7.7,59.7,8.9,0.0,31.4,6.1,25.2,42.2,32.6,19.5,26.4,Cover 3,"balanced, real under-center rate","dime-heavy, 4-man rush, zone-heavy, most-used Cover 3",Sean McVay,Nathan Scheelhaase,Chris Shula,"2024, 2025"
LAC,2078.0,59.0,-0.4,69.2,28.7,4.4,3.8,66.5,6.6,16.7,10.2,5.79,19.9,56.0,24.1,19.9,23.0,Cover 3,balanced,"dime-heavy, 4-man rush, zone-heavy, most-used Cover 3",Jim Harbaugh,Mike McDaniel,Chris O'Leary,"2024, 2025"
LV,1996.0,58.2,-1.3,70.1,33.4,3.0,10.0,58.4,35.3,0.3,6.0,6.3,57.2,35.6,7.2,21.7,20.8,Cover 3,"balanced, 12-personnel lean","base-personnel lean, average pressure, zone-heavy, most-used Cover 3",Klint Kubiak,Andrew Janocko,Rob Leonard,"2024, 2025"
MIA,2018.0,55.0,-4.1,75.2,27.9,19.0,4.7,43.8,12.6,33.0,10.2,6.26,36.5,62.9,0.6,32.7,28.3,Cover 2,"run-leaning, heavy two-back / FB usage","base-personnel lean, blitz-heavy, zone-heavy, most-used Cover 2",Jeff Hafley,Bobby Slowik,Sean Duggan,"2024, 2025"
MIN,1972.0,59.0,1.5,53.1,43.6,0.6,9.3,65.1,20.0,7.9,6.9,6.32,56.8,35.1,8.1,46.0,19.0,Cover 2,"balanced, real under-center rate","base-personnel lean, blitz-heavy, zone-heavy, most-used Cover 2",Kevin O'Connell,Wes Phillips,Brian Flores,"2024, 2025"
NE,2038.0,56.2,-0.3,62.7,44.7,0.2,5.9,54.1,22.3,19.2,4.5,6.2,26.4,68.9,4.7,27.9,31.0,Cover 3,"balanced, heavy two-back / FB usage, real under-center rate","nickel base, average pressure, zone-heavy, most-used Cover 3",Mike Vrabel,Josh McDaniels,Zak Kuhr,"2024, 2025"
NO,2090.0,56.2,-4.1,68.3,20.6,2.9,16.4,78.8,17.4,0.4,3.5,6.26,36.2,60.3,3.4,25.8,23.1,Cover 3,"run-leaning, spread, 11-personnel base","base-personnel lean, average pressure, zone-heavy, most-used Cover 3",Kellen Moore,Doug Nussmeier,Brandon Staley,"2024, 2025"
NYG,2130.0,54.0,-4.1,73.7,22.7,6.7,17.4,61.7,33.2,0.7,4.5,6.18,26.8,56.9,16.3,30.1,40.8,Cover 1,"run-leaning, 12-personnel lean","dime-heavy, blitz-heavy, man/zone mix, most-used Cover 1",John Harbaugh,Matt Nagy,Dennard Wilson,"2024, 2025"
NYJ,2023.0,55.9,-3.2,73.5,25.8,4.3,9.2,68.0,20.4,9.0,2.4,6.41,30.5,64.7,4.8,28.0,41.1,Cover 1,"run-leaning, spread, 11-personnel base","nickel base, average pressure, man/zone mix, most-used Cover 1",Aaron Glenn,Frank Reich,Brian Duker,"2024, 2025"
PHI,2088.0,52.4,-5.8,80.6,22.3,6.8,22.3,63.5,28.8,1.0,6.7,6.07,24.1,74.4,1.5,19.3,45.2,Cover 1,"run-leaning, 12-personnel lean, shotgun-heavy","nickel base, 4-man rush, man-leaning, most-used Cover 1",Nick Sirianni,Sean Mannion,Vic Fangio,"2024, 2025"
PIT,2041.0,56.9,-3.7,62.2,32.9,1.7,17.8,49.6,33.7,2.4,14.2,6.3,39.2,60.8,0.0,30.7,35.8,Cover 3,"run-leaning, 12-personnel lean","base-personnel lean, blitz-heavy, man/zone mix, most-used Cover 3",Mike McCarthy,Brian Angelichio,Patrick Graham,"2024, 2025"
SEA,2015.0,58.7,-2.5,62.1,53.4,2.6,14.7,43.7,29.4,15.1,11.6,6.06,7.2,76.8,16.0,22.1,28.8,Cover 2,"balanced, 12-personnel lean, real under-center rate","dime-heavy, average pressure, zone-heavy, most-used Cover 2",Mike Macdonald,Brian Fleury,Aden Durde,"2024, 2025"
SF,2079.0,57.5,-1.5,57.1,45.7,2.2,3.3,43.7,11.5,37.3,7.6,6.0,19.4,79.0,1.6,22.0,25.6,Cover 3,"balanced, heavy two-back / FB usage, real under-center rate","nickel base, average pressure, zone-heavy, most-used Cover 3",Kyle Shanahan,Klay Kubiak,Raheem Morris,"2024, 2025"
TB,2149.0,55.2,-1.8,64.2,34.3,3.9,5.9,71.0,21.3,4.7,3.1,6.37,37.5,61.5,1.0,33.7,29.9,Cover 3,"balanced, spread, 11-personnel base","base-personnel lean, blitz-heavy, zone-heavy, most-used Cover 3",Todd Bowles,Zac Robinson,George Edwards,"2024, 2025"
TEN,2025.0,53.8,-5.4,73.1,26.8,1.7,8.8,73.5,23.2,2.5,0.7,6.3,28.9,64.7,6.4,23.1,27.2,Cover 2,"run-leaning, spread, 11-personnel base","nickel base, average pressure, zone-heavy, most-used Cover 2",Robert Saleh,Brian Daboll,Gus Bradley,"2024, 2025"
WAS,2070.0,53.0,-2.1,90.0,11.4,17.5,62.0,60.7,31.0,2.4,5.9,6.2,29.2,59.8,11.0,26.5,32.5,Cover 1,"balanced, 12-personnel lean, shotgun-heavy","average pressure, zone-heavy, most-used Cover 1",Dan Quinn,David Blough,Daronte Jones,"2024, 2025"
