game_id,season,week,gameday,home_team,away_team,stadium,temp_forecast,wind_forecast,precip_prob_forecast,pulled_at
2026_05_TB_DAL,2026,5,2026-10-08,DAL,TB,AT&T Stadium,84.03333333333333,7.0,0,2026-10-07T22:59:38.496368+00:00
2026_05_PHI_JAX,2026,5,2026-10-11,JAX,PHI,EverBank Stadium,86.35833333333333,10.2,51,2026-10-07T22:59:38.496368+00:00
2026_05_CHI_GB,2026,5,2026-10-11,GB,CHI,Lambeau Field,70.93333333333334,15.7,1,2026-10-07T22:59:38.496368+00:00
2026_05_CIN_MIA,2026,5,2026-10-11,MIA,CIN,Hard Rock Stadium,88.05833333333334,12.1,9,2026-10-07T22:59:38.496368+00:00
2026_05_LV_NE,2026,5,2026-10-11,NE,LV,Gillette Stadium,57.68333333333334,10.7,45,2026-10-07T22:59:38.496368+00:00
2026_05_CLE_NYJ,2026,5,2026-10-11,NYJ,CLE,MetLife Stadium,61.15,9.8,72,2026-10-07T22:59:38.496368+00:00
2026_05_IND_PIT,2026,5,2026-10-11,PIT,IND,Acrisure Stadium,63.050000000000004,7.2,76,2026-10-07T22:59:38.496368+00:00
2026_05_HOU_TEN,2026,5,2026-10-11,TEN,HOU,Nissan Stadium,66.20833333333333,7.4,45,2026-10-07T22:59:38.496368+00:00
2026_05_NYG_WAS,2026,5,2026-10-11,WAS,NYG,Northwest Stadium,64.425,10.5,78,2026-10-07T22:59:38.496368+00:00
2026_05_DET_ARI,2026,5,2026-10-11,ARI,DET,State Farm Stadium,80.51666666666667,22.3,58,2026-10-07T22:59:38.496368+00:00
2026_05_SF_SEA,2026,5,2026-10-11,SEA,SF,Lumen Field,53.583333333333336,7.5,0,2026-10-07T22:59:38.496368+00:00
2026_05_BAL_ATL,2026,5,2026-10-11,ATL,BAL,Mercedes-Benz Stadium,68.31666666666666,14.1,45,2026-10-07T22:59:38.496368+00:00
2026_06_SEA_DEN,2026,6,2026-10-15,DEN,SEA,Empower Field at Mile High,47.09166666666667,13.8,36,2026-10-07T22:59:38.496368+00:00
2026_06_LAC_KC,2026,6,2026-10-18,KC,LAC,GEHA Field at Arrowhead Stadium,55.85,7.7,13,2026-10-07T22:59:38.496368+00:00
2026_06_DAL_GB,2026,6,2026-10-18,GB,DAL,Lambeau Field,45.725,8.3,16,2026-10-07T22:59:38.496368+00:00
2026_06_WAS_SF,2026,6,2026-10-19,SF,WAS,Levi's Stadium,70.16666666666667,8.7,3,2026-10-07T22:59:38.496368+00:00
2026_07_NE_CHI,2026,7,2026-10-22,CHI,NE,Soldier Field,56.11666666666667,6.8,16,2026-10-07T22:59:38.496368+00:00
