prop_type,feature,importance
receiving_yards,targets_last3,0.11434696614742279
receiving_yards,receiving_yards_rolling,0.10301641374826431
receiving_yards,targets_rolling,0.08532027900218964
receiving_yards,own_injury_severity,0.07986494153738022
receiving_yards,receiving_yards_last3,0.07952132076025009
receiving_yards,target_share_rolling,0.0783405527472496
receiving_yards,receiving_air_yards_rolling,0.07387826591730118
receiving_yards,def_epa_allowed_rolling,0.06990399211645126
receiving_yards,avg_yac_above_expectation_rolling,0.06889152526855469
receiving_yards,avg_separation_rolling,0.06807710230350494
receiving_yards,avg_cushion_rolling,0.06746388971805573
receiving_yards,div_game,0.05750571936368942
receiving_yards,is_primetime,0.05386907979846001
rushing_yards,carries_last3,0.09583940356969833
rushing_yards,rushing_yards_last3,0.08306784927845001
rushing_yards,rushing_yards_rolling,0.07998590171337128
rushing_yards,carries_rolling,0.07579625397920609
rushing_yards,offense_pct_rolling,0.06747885048389435
rushing_yards,receiving_yards_rolling,0.059422511607408524
rushing_yards,def_epa_allowed_rolling,0.05938730388879776
rushing_yards,targets_rolling,0.05879843607544899
rushing_yards,team_implied_total,0.058272816240787506
rushing_yards,percent_attempts_gte_eight_defenders_rolling,0.05598237365484238
rushing_yards,efficiency_rolling,0.05587557703256607
rushing_yards,rush_yards_over_expected_per_att_rolling,0.055862899869680405
rushing_yards,temp,0.054766520857810974
rushing_yards,wind,0.05080555006861687
rushing_yards,is_dome,0.04603869467973709
rushing_yards,is_primetime,0.04261907562613487
receiving_yards_rb,receiving_yards_rolling,0.44033482172111743
receiving_yards_rb,targets_rolling,0.18650976186253532
receiving_yards_rb,targets_last3,0.15373566445740955
receiving_yards_rb,receiving_yards_last3,0.06471339593946492
receiving_yards_rb,def_epa_allowed_rolling,0.04413862097410317
receiving_yards_rb,team_off_epa_per_play_rolling,0.04299807067813014
receiving_yards_rb,receiving_air_yards_rolling,0.028798499609575402
receiving_yards_rb,target_share_rolling,0.023460655201629762
receiving_yards_rb,team_pass_oe_rolling,0.015310509556034047
rushing_yards_qb,rushing_yards_rolling,0.45234843272775327
rushing_yards_qb,rushing_yards_last3,0.21773338773410292
rushing_yards_qb,carries_rolling,0.20507603935866042
rushing_yards_qb,def_epa_allowed_rolling,0.06340365531126649
rushing_yards_qb,carries_last3,0.06143848486821689
passing_yards,passing_yards_rolling,0.40699094723910983
passing_yards,passing_yards_last3,0.1401334957690155
passing_yards,attempts_last3,0.12098636816413559
passing_yards,passing_tds_rolling,0.08171546057635182
passing_yards,attempts_rolling,0.05803121993210023
passing_yards,avg_intended_air_yards_rolling,0.045406614458155234
passing_yards,def_epa_allowed_rolling,0.04269201444832636
passing_yards,interceptions_rolling,0.03777776243322187
passing_yards,aggressiveness_rolling,0.02196202332660538
passing_yards,avg_time_to_throw_rolling,0.02023359645830085
passing_yards,completion_percentage_above_expectation_rolling,0.012281294791496662
passing_yards,is_dome,0.011789202403180717
passing_yards,temp,0.0
passing_yards,wind,0.0
receptions,targets_last3,0.1428094357252121
receptions,receptions_rolling,0.1303347945213318
receptions,receptions_last3,0.11611171811819077
receptions,targets_rolling,0.08863785862922668
receptions,target_share_rolling,0.07337462902069092
receptions,catch_rate_rolling,0.071993388235569
receptions,catch_percentage_rolling,0.06823208928108215
receptions,def_epa_allowed_rolling,0.0654745101928711
receptions,avg_separation_rolling,0.06427296996116638
receptions,receiving_air_yards_rolling,0.06343355029821396
receptions,avg_cushion_rolling,0.06321387737989426
receptions,div_game,0.05211111903190613
rush_rec_tds,carries_last3,0.18744138534055044
rush_rec_tds,receiving_yards_rolling,0.18619309032937942
rush_rec_tds,rushing_yards_rolling,0.15127704000538145
rush_rec_tds,carries_rolling,0.11713822829172055
rush_rec_tds,rush_rec_tds_rolling,0.09661105841241342
rush_rec_tds,targets_last3,0.07794762944921667
rush_rec_tds,def_epa_allowed_rolling,0.05887647857018234
rush_rec_tds,red_zone_touches_rolling,0.05594435975577755
rush_rec_tds,targets_rolling,0.028658238418321314
rush_rec_tds,rush_rec_tds_last3,0.028025687559217673
rush_rec_tds,red_zone_share_rolling,0.011886803867839177
rush_rec_tds_qb,red_zone_touches_rolling,0.2663363621676737
rush_rec_tds_qb,carries_last3,0.171208180684656
rush_rec_tds_qb,rush_rec_tds_rolling,0.12359196625041013
rush_rec_tds_qb,carries_rolling,0.10611224247378084
rush_rec_tds_qb,rush_rec_tds_last3,0.1055674945285665
rush_rec_tds_qb,rushing_yards_rolling,0.09904511650378192
rush_rec_tds_qb,def_epa_allowed_rolling,0.046201769736005156
rush_rec_tds_qb,targets_last3,0.029986290650083208
rush_rec_tds_qb,receiving_yards_rolling,0.02108757075181001
rush_rec_tds_qb,targets_rolling,0.016548037333812944
rush_rec_tds_qb,red_zone_share_rolling,0.01431496891941963
season_receiving_yards,draft_round,0.24355153162854154
season_receiving_yards,prior_yards_per_target,0.18734671088301816
season_receiving_yards,draft_pick,0.1600956792703346
season_receiving_yards,years_experience,0.15542589775099455
season_receiving_yards,prior_yards_per_game_rec,0.13820726590751636
season_receiving_yards,prior_receiving_tds,0.03545298132996504
season_receiving_yards,prior_receptions,0.03536326854690676
season_receiving_yards,prior_targets,0.02321273593423136
season_receiving_yards,prior_receiving_yards,0.021343928748491597
season_receiving_yards,prior_games_played,0.0
season_rec_tds,prior_yards_per_game_rec,0.24734556817269768
season_rec_tds,prior_receiving_tds,0.23031739518935723
season_rec_tds,draft_round,0.2123167762535508
season_rec_tds,draft_pick,0.1562246395509468
season_rec_tds,years_experience,0.05134549386854468
season_rec_tds,prior_yards_per_target,0.04040414385670577
season_rec_tds,prior_targets,0.02743809494680087
season_rec_tds,prior_receptions,0.01747565330350812
season_rec_tds,prior_receiving_yards,0.0171322348578881
season_rec_tds,prior_games_played,0.0
season_rush_yards,prior_yards_per_game_rush,0.23486845728014002
season_rush_yards,prior_yards_per_carry,0.22740539328082815
season_rush_yards,draft_round,0.15345947725759065
season_rush_yards,years_experience,0.13910485054200045
season_rush_yards,draft_pick,0.1353830183570827
season_rush_yards,prior_rushing_yards,0.06857881689391275
season_rush_yards,prior_carries,0.03413868478657282
season_rush_yards,prior_rushing_tds,0.007061301601872314
season_rush_yards,prior_games_played,0.0
season_rush_tds,prior_yards_per_game_rush,0.38566328278717316
season_rush_tds,draft_round,0.2011540906499821
season_rush_tds,draft_pick,0.1653011911622942
season_rush_tds,years_experience,0.07957669721582156
season_rush_tds,prior_rushing_tds,0.049684288232454264
season_rush_tds,prior_carries,0.04633990840941737
season_rush_tds,prior_rushing_yards,0.04215488908015212
season_rush_tds,prior_yards_per_carry,0.030125652462705235
season_rush_tds,prior_games_played,0.0
passing_tds,passing_tds_rolling,0.35122578215876377
passing_tds,attempts_last3,0.23364997889561256
passing_tds,passing_tds_last3,0.1477495958492095
passing_tds,def_epa_allowed_rolling,0.11277209272232085
passing_tds,completion_percentage_above_expectation_rolling,0.05393592083444073
passing_tds,avg_intended_air_yards_rolling,0.05374095526898852
passing_tds,attempts_rolling,0.04692567427066424
passing_ints,interceptions_rolling,0.33586492078126384
passing_ints,attempts_last3,0.281895025767083
passing_ints,def_epa_allowed_rolling,0.12418455186786143
passing_ints,attempts_rolling,0.10386320151570809
passing_ints,aggressiveness_rolling,0.08639972358102602
passing_ints,interceptions_last3,0.035872330402210426
passing_ints,completion_percentage_above_expectation_rolling,0.03192024608484712
sacks,sacks_rolling,0.6433163285255432
sacks,sacks_last3,0.15932206809520721
sacks,plays_on_defense_rolling,0.08645682036876678
sacks,plays_on_defense_last3,0.06841006875038147
sacks,team_sacks_rolling,0.042494650930166245
period_first_touchdown_scored,carries_last3,0.280828003190093
period_first_touchdown_scored,receiving_yards_rolling,0.13601238096337334
period_first_touchdown_scored,carries_rolling,0.12698212691806512
period_first_touchdown_scored,rush_rec_tds_rolling,0.1150322448283758
period_first_touchdown_scored,targets_last3,0.08469159340190219
period_first_touchdown_scored,rushing_yards_rolling,0.08439005869582518
period_first_touchdown_scored,red_zone_touches_rolling,0.08227640208601351
period_first_touchdown_scored,targets_rolling,0.04193659166562899
period_first_touchdown_scored,def_epa_allowed_rolling,0.021947543223434774
period_first_touchdown_scored,rush_rec_tds_last3,0.017081611128701095
period_first_touchdown_scored,red_zone_share_rolling,0.00882144389858725
period_first_touchdown_scored_qb,carries_rolling,0.2802931345829725
period_first_touchdown_scored_qb,rushing_yards_rolling,0.2402495604382698
period_first_touchdown_scored_qb,carries_last3,0.11321945489985354
period_first_touchdown_scored_qb,def_epa_allowed_rolling,0.0911526831188528
period_first_touchdown_scored_qb,rush_rec_tds_last3,0.0849823971019655
period_first_touchdown_scored_qb,red_zone_touches_rolling,0.06564533707810007
period_first_touchdown_scored_qb,rush_rec_tds_rolling,0.05430873223131019
period_first_touchdown_scored_qb,targets_last3,0.04138162808081023
period_first_touchdown_scored_qb,receiving_yards_rolling,0.02025832635893877
period_first_touchdown_scored_qb,targets_rolling,0.0056620936817656006
period_first_touchdown_scored_qb,red_zone_share_rolling,0.0028466524271609853
period_1_rush_rec_tds,carries_last3,0.21846554074588379
period_1_rush_rec_tds,receiving_yards_rolling,0.17074698511782357
period_1_rush_rec_tds,carries_rolling,0.11119904845775819
period_1_rush_rec_tds,rushing_yards_rolling,0.10487856580986216
period_1_rush_rec_tds,rush_rec_tds_rolling,0.08794260182876328
period_1_rush_rec_tds,targets_last3,0.08242495786065804
period_1_rush_rec_tds,red_zone_touches_rolling,0.0819456556256009
period_1_rush_rec_tds,targets_rolling,0.05054958330714638
period_1_rush_rec_tds,def_epa_allowed_rolling,0.037095075397743996
period_1_rush_rec_tds,red_zone_share_rolling,0.028820324476443504
period_1_rush_rec_tds,rush_rec_tds_last3,0.025931661372316162
period_1_rush_rec_tds_qb,rushing_yards_rolling,0.23190150276454974
period_1_rush_rec_tds_qb,carries_rolling,0.2210208466489416
period_1_rush_rec_tds_qb,red_zone_touches_rolling,0.14294136798188709
period_1_rush_rec_tds_qb,carries_last3,0.12841190961334512
period_1_rush_rec_tds_qb,rush_rec_tds_rolling,0.07408187636580055
period_1_rush_rec_tds_qb,rush_rec_tds_last3,0.06417996271604358
period_1_rush_rec_tds_qb,def_epa_allowed_rolling,0.06194377325963374
period_1_rush_rec_tds_qb,targets_last3,0.040776359864330786
period_1_rush_rec_tds_qb,receiving_yards_rolling,0.023844166490712432
period_1_rush_rec_tds_qb,targets_rolling,0.006822820844196541
period_1_rush_rec_tds_qb,red_zone_share_rolling,0.004075413450558991
period_1_2_rush_rec_tds,receiving_yards_rolling,0.19913250437736726
period_1_2_rush_rec_tds,carries_last3,0.196941537970909
period_1_2_rush_rec_tds,rushing_yards_rolling,0.11843098754281502
period_1_2_rush_rec_tds,carries_rolling,0.11377631851069475
period_1_2_rush_rec_tds,red_zone_touches_rolling,0.07879210649023986
period_1_2_rush_rec_tds,targets_last3,0.07380484111901298
period_1_2_rush_rec_tds,rush_rec_tds_rolling,0.07149128713457725
period_1_2_rush_rec_tds,targets_rolling,0.05626774904868322
period_1_2_rush_rec_tds,def_epa_allowed_rolling,0.0396640119806993
period_1_2_rush_rec_tds,rush_rec_tds_last3,0.027439685534057397
period_1_2_rush_rec_tds,red_zone_share_rolling,0.02425897029094393
period_1_2_rush_rec_tds_qb,carries_rolling,0.18346348140270077
period_1_2_rush_rec_tds_qb,carries_last3,0.18290011022204442
period_1_2_rush_rec_tds_qb,rush_rec_tds_rolling,0.15320966225842547
period_1_2_rush_rec_tds_qb,rushing_yards_rolling,0.14512048287763532
period_1_2_rush_rec_tds_qb,red_zone_touches_rolling,0.12260847047623366
period_1_2_rush_rec_tds_qb,def_epa_allowed_rolling,0.07037640669864326
period_1_2_rush_rec_tds_qb,rush_rec_tds_last3,0.057361837347303074
period_1_2_rush_rec_tds_qb,targets_last3,0.03939491799864573
period_1_2_rush_rec_tds_qb,receiving_yards_rolling,0.02191509379375291
period_1_2_rush_rec_tds_qb,targets_rolling,0.01616784331577179
period_1_2_rush_rec_tds_qb,red_zone_share_rolling,0.007481693608843655
period_1_receiving_yds,receiving_yards_rolling,0.4545525754566556
period_1_receiving_yds,targets_rolling,0.3757238073850186
period_1_receiving_yds,targets_last3,0.15004910271225133
period_1_receiving_yds,receiving_yards_last3,0.019674514446074348
period_1_2_receiving_yds,receiving_yards_rolling,0.534154370372646
period_1_2_receiving_yds,targets_rolling,0.29220879553948653
period_1_2_receiving_yds,targets_last3,0.11809331562698616
period_1_2_receiving_yds,receiving_yards_last3,0.05554351846088117
period_1_rushing_yds,rushing_yards_rolling,0.46571015527567156
period_1_rushing_yds,carries_last3,0.2684360418921806
period_1_rushing_yds,carries_rolling,0.20869374377646321
period_1_rushing_yds,rushing_yards_last3,0.05716005905568458
period_1_2_rushing_yds,rushing_yards_rolling,0.514783686957326
period_1_2_rushing_yds,carries_last3,0.25108294447456697
period_1_2_rushing_yds,carries_rolling,0.18438470310383992
period_1_2_rushing_yds,rushing_yards_last3,0.049748665464267164
period_1_passing_yds,passing_yards_rolling,0.4498847355472608
period_1_passing_yds,attempts_rolling,0.2642110806159811
period_1_passing_yds,attempts_last3,0.22623555238912305
period_1_passing_yds,passing_yards_last3,0.05966863144763508
period_1_2_passing_yds,passing_yards_rolling,0.4884082176320127
period_1_2_passing_yds,attempts_rolling,0.25396407429899087
period_1_2_passing_yds,attempts_last3,0.13936009792783352
period_1_2_passing_yds,passing_yards_last3,0.11826761014116285
period_1_passing_tds,attempts_rolling,0.6164614436797033
period_1_passing_tds,attempts_last3,0.20614650886514582
period_1_passing_tds,passing_tds_rolling,0.12301457183958961
period_1_passing_tds,passing_tds_last3,0.05437747561556119
period_1_2_passing_tds,attempts_rolling,0.4902399981934063
period_1_2_passing_tds,passing_tds_rolling,0.35621151835651904
period_1_2_passing_tds,attempts_last3,0.09176777771303729
period_1_2_passing_tds,passing_tds_last3,0.06178070573703731
